accuracy,precision,recall,f1_score,mcc,roc_auc,pr_auc,fold,train_samples,test_samples
0.614035088,0.696588694,0.614035088,0.633504002,0.228412469,0.693407012,0.392673737,1,648,114
0.622807018,0.689907927,0.622807018,0.639905605,0.230957834,0.689861579,0.396217391,2,650,114
0.649122807,0.711337166,0.649122807,0.664786967,0.281513422,0.721848111,0.463816262,3,650,114
0.640350877,0.706934831,0.640350877,0.656654182,0.269791452,0.688365133,0.445577003,4,650,114
0.657894737,0.751474592,0.657894737,0.673673234,0.356354141,0.752151141,0.499120112,5,650,114
0.636842105,0.711248642,0.636842105,0.653704798,0.273405864,0.709126595,0.439480901,MEAN,649.6,114
0.018189861,0.024016057,0.018189861,0.016798375,0.05192652,0.027668723,0.045411589,STD,0.894427191,0
